Year,Division,Police_Station,Crime_Type,Incidents,Latitude,Longitude,City,State,Crime_Rate
2021,North,Yeshwanthpur,Theft,54,13.032831009995197,77.53339783707607,Bengaluru,Karnataka,41538.46153846154
2021,North,Yeshwanthpur,House Breaking,10,13.031533989748459,77.5463435913541,Bengaluru,Karnataka,7692.307692307692
2021,North,Yeshwanthpur,Motor Vehicle Theft,15,13.018635653589635,77.53037390479723,Bengaluru,Karnataka,11538.461538461539
2021,North,Yeshwanthpur,Robbery,26,13.018530719393677,77.53247675301373,Bengaluru,Karnataka,20000.0
2021,North,Yeshwanthpur,Assault,35,13.026390396419234,77.53748418092567,Bengaluru,Karnataka,26923.076923076922
2021,North,Yeshwanthpur,Cheating,10,13.033176147342596,77.53169318632753,Bengaluru,Karnataka,7692.307692307692
2021,North,Yeshwanthpur,Cyber Crime,10,13.021109589996236,77.54764426144413,Bengaluru,Karnataka,7692.307692307692
2021,North,Yeshwanthpur,Others,10,13.025598546012747,77.53567958760969,Bengaluru,Karnataka,7692.307692307692
2021,North,Malleswaram,Theft,43,13.012842565465489,77.57489463573388,Bengaluru,Karnataka,33076.92307692308
2021,North,Malleswaram,House Breaking,31,12.99827600396157,77.56616356562814,Bengaluru,Karnataka,23846.153846153848
2021,North,Malleswaram,Motor Vehicle Theft,27,13.008247042905136,77.5743914367243,Bengaluru,Karnataka,20769.23076923077
2021,North,Malleswaram,Robbery,10,13.012161366815775,77.58000443041321,Bengaluru,Karnataka,7692.307692307692
2021,North,Malleswaram,Assault,12,13.004302524500783,77.56936820604737,Bengaluru,Karnataka,9230.76923076923
2021,North,Malleswaram,Cheating,10,13.004103619342338,77.56449014061543,Bengaluru,Karnataka,7692.307692307692
2021,North,Malleswaram,Cyber Crime,31,13.009660707704933,77.57248262011335,Bengaluru,Karnataka,23846.153846153848
2021,North,Malleswaram,Others,30,13.001596218503028,77.56954520423703,Bengaluru,Karnataka,23076.923076923078
2021,North,Rajajinagar,Theft,61,12.995363239168666,77.5496923034794,Bengaluru,Karnataka,46923.07692307692
2021,North,Rajajinagar,House Breaking,48,12.997119998230925,77.54988096143929,Bengaluru,Karnataka,36923.07692307692
2021,North,Rajajinagar,Motor Vehicle Theft,10,12.989623295740447,77.54662377210424,Bengaluru,Karnataka,7692.307692307692
2021,North,Rajajinagar,Robbery,38,12.999127352529454,77.55159355761597,Bengaluru,Karnataka,29230.769230769234
2021,North,Rajajinagar,Assault,26,12.999293663077735,77.55815703740402,Bengaluru,Karnataka,20000.0
2021,North,Rajajinagar,Cheating,10,12.98653255015388,77.55652736268327,Bengaluru,Karnataka,7692.307692307692
2021,North,Rajajinagar,Cyber Crime,25,12.990168676545892,77.55697065849891,Bengaluru,Karnataka,19230.76923076923
2021,North,Rajajinagar,Others,10,12.99179052587353,77.54711818824347,Bengaluru,Karnataka,7692.307692307692
2021,North,Sadashivanagar,Theft,10,12.999756826386966,77.56349964003445,Bengaluru,Karnataka,7692.307692307692
2021,North,Sadashivanagar,House Breaking,51,12.99797055412304,77.56793238573013,Bengaluru,Karnataka,39230.76923076923
2021,North,Sadashivanagar,Motor Vehicle Theft,48,13.001728282399636,77.57136451792431,Bengaluru,Karnataka,36923.07692307692
2021,North,Sadashivanagar,Robbery,45,13.011114436387205,77.57393420738053,Bengaluru,Karnataka,34615.38461538462
2021,North,Sadashivanagar,Assault,15,13.01207197465315,77.56710350946062,Bengaluru,Karnataka,11538.461538461539
2021,North,Sadashivanagar,Cheating,10,13.005774474126584,77.57937631855043,Bengaluru,Karnataka,7692.307692307692
2021,North,Sadashivanagar,Cyber Crime,14,13.016137761977403,77.57553924398104,Bengaluru,Karnataka,10769.23076923077
2021,North,Sadashivanagar,Others,10,13.014110371396736,77.56626889582897,Bengaluru,Karnataka,7692.307692307692
2021,South,Jayanagar,Theft,91,12.918978222035296,77.59117827705182,Bengaluru,Karnataka,70000.0
2021,South,Jayanagar,House Breaking,42,12.933448681612367,77.60206986988791,Bengaluru,Karnataka,32307.69230769231
2021,South,Jayanagar,Motor Vehicle Theft,34,12.915389534847717,77.60228197232529,Bengaluru,Karnataka,26153.846153846156
2021,South,Jayanagar,Robbery,20,12.919789046206763,77.58851743184894,Bengaluru,Karnataka,15384.615384615385
2021,South,Jayanagar,Assault,10,12.916713069041359,77.59341980926634,Bengaluru,Karnataka,7692.307692307692
2021,South,Jayanagar,Cheating,33,12.925654123390592,77.5862152102304,Bengaluru,Karnataka,25384.615384615383
2021,South,Jayanagar,Cyber Crime,30,12.918302539179484,77.59425347574836,Bengaluru,Karnataka,23076.923076923078
2021,South,Jayanagar,Others,10,12.933578269860044,77.59880530393272,Bengaluru,Karnataka,7692.307692307692
2021,South,BTM Layout,Theft,102,12.912734325826017,77.62000298713322,Bengaluru,Karnataka,78461.53846153845
2021,South,BTM Layout,House Breaking,39,12.924492281692858,77.60912972282783,Bengaluru,Karnataka,30000.0
2021,South,BTM Layout,Motor Vehicle Theft,10,12.913261711242948,77.61186617436914,Bengaluru,Karnataka,7692.307692307692
2021,South,BTM Layout,Robbery,10,12.9066438167797,77.61425681893097,Bengaluru,Karnataka,7692.307692307692
2021,South,BTM Layout,Assault,10,12.924608400260121,77.61729270800508,Bengaluru,Karnataka,7692.307692307692
2021,South,BTM Layout,Cheating,10,12.91206954527929,77.60980828998301,Bengaluru,Karnataka,7692.307692307692
2021,South,BTM Layout,Cyber Crime,38,12.925210284811612,77.61152086186651,Bengaluru,Karnataka,29230.769230769234
2021,South,BTM Layout,Others,38,12.915959458858891,77.60824119922972,Bengaluru,Karnataka,29230.769230769234
2021,South,JP Nagar,Theft,47,12.906721023648126,77.5839715724604,Bengaluru,Karnataka,36153.846153846156
2021,South,JP Nagar,House Breaking,51,12.899183423744642,77.58856910976532,Bengaluru,Karnataka,39230.76923076923
2021,South,JP Nagar,Motor Vehicle Theft,10,12.906152425642045,77.58228605210789,Bengaluru,Karnataka,7692.307692307692
2021,South,JP Nagar,Robbery,16,12.901931801442831,77.5862257150782,Bengaluru,Karnataka,12307.692307692309
2021,South,JP Nagar,Assault,10,12.903670902893339,77.58049612895763,Bengaluru,Karnataka,7692.307692307692
2021,South,JP Nagar,Cheating,30,12.914260444894634,77.59261933784936,Bengaluru,Karnataka,23076.923076923078
2021,South,JP Nagar,Cyber Crime,26,12.918085649368253,77.5922205517016,Bengaluru,Karnataka,20000.0
2021,South,JP Nagar,Others,42,12.915073914688286,77.57882622221207,Bengaluru,Karnataka,32307.69230769231
2021,South,Banashankari,Theft,52,12.932293007880604,77.55604885731022,Bengaluru,Karnataka,40000.0
2021,South,Banashankari,House Breaking,10,12.934706176875595,77.54330406116344,Bengaluru,Karnataka,7692.307692307692
2021,South,Banashankari,Motor Vehicle Theft,38,12.92070498457894,77.55193183007201,Bengaluru,Karnataka,29230.769230769234
2021,South,Banashankari,Robbery,48,12.926115366468114,77.55236816550592,Bengaluru,Karnataka,36923.07692307692
2021,South,Banashankari,Assault,10,12.919354017968285,77.53916966584015,Bengaluru,Karnataka,7692.307692307692
2021,South,Banashankari,Cheating,10,12.929959511207581,77.53914330545815,Bengaluru,Karnataka,7692.307692307692
2021,South,Banashankari,Cyber Crime,25,12.933387742616642,77.54862252270541,Bengaluru,Karnataka,19230.76923076923
2021,South,Banashankari,Others,15,12.916602229304813,77.54171649921962,Bengaluru,Karnataka,11538.461538461539
2021,East,Whitefield,Theft,92,12.977036384039401,77.74797551102637,Bengaluru,Karnataka,70769.23076923078
2021,East,Whitefield,House Breaking,58,12.964724306955771,77.75179038307067,Bengaluru,Karnataka,44615.38461538462
2021,East,Whitefield,Motor Vehicle Theft,30,12.972947463289449,77.75120453847688,Bengaluru,Karnataka,23076.923076923078
2021,East,Whitefield,Robbery,10,12.96388518398847,77.75422383601578,Bengaluru,Karnataka,7692.307692307692
2021,East,Whitefield,Assault,15,12.962417565642548,77.75281001577675,Bengaluru,Karnataka,11538.461538461539
2021,East,Whitefield,Cheating,41,12.978514685748896,77.74008630913768,Bengaluru,Karnataka,31538.46153846154
2021,East,Whitefield,Cyber Crime,30,12.979721928957101,77.74136521442199,Bengaluru,Karnataka,23076.923076923078
2021,East,Whitefield,Others,10,12.962449131407329,77.74688017669929,Bengaluru,Karnataka,7692.307692307692
2021,East,Marathahalli,Theft,18,12.956490541774777,77.69055493664715,Bengaluru,Karnataka,13846.153846153848
2021,East,Marathahalli,House Breaking,63,12.955150342859577,77.70707706620503,Bengaluru,Karnataka,48461.53846153846
2021,East,Marathahalli,Motor Vehicle Theft,43,12.949256462143042,77.7037420827023,Bengaluru,Karnataka,33076.92307692308
2021,East,Marathahalli,Robbery,31,12.951171730038364,77.70496253929947,Bengaluru,Karnataka,23846.153846153848
2021,East,Marathahalli,Assault,10,12.96394833367962,77.69050895819551,Bengaluru,Karnataka,7692.307692307692
2021,East,Marathahalli,Cheating,10,12.963452243742775,77.69147194624655,Bengaluru,Karnataka,7692.307692307692
2021,East,Marathahalli,Cyber Crime,10,12.959208181161959,77.6924224250414,Bengaluru,Karnataka,7692.307692307692
2021,East,Marathahalli,Others,10,12.950945969354255,77.69587151545127,Bengaluru,Karnataka,7692.307692307692
2021,East,Indiranagar,Theft,21,12.968271130772102,77.63381639321403,Bengaluru,Karnataka,16153.846153846154
2021,East,Indiranagar,House Breaking,34,12.97642461816696,77.64223360842253,Bengaluru,Karnataka,26153.846153846156
2021,East,Indiranagar,Motor Vehicle Theft,10,12.963837477611786,77.65010101878093,Bengaluru,Karnataka,7692.307692307692
2021,East,Indiranagar,Robbery,10,12.97251180578411,77.64789190039772,Bengaluru,Karnataka,7692.307692307692
2021,East,Indiranagar,Assault,10,12.970195734257615,77.63203657716338,Bengaluru,Karnataka,7692.307692307692
2021,East,Indiranagar,Cheating,41,12.981043925300346,77.63199789756223,Bengaluru,Karnataka,31538.46153846154
2021,East,Indiranagar,Cyber Crime,32,12.966590594784458,77.63325587243344,Bengaluru,Karnataka,24615.384615384617
2021,East,Indiranagar,Others,18,12.981076740452746,77.64618955222286,Bengaluru,Karnataka,13846.153846153848
2021,East,Koramangala,Theft,93,12.942492113924398,77.63402412065862,Bengaluru,Karnataka,71538.46153846155
2021,East,Koramangala,House Breaking,43,12.925695727237963,77.6292312894351,Bengaluru,Karnataka,33076.92307692308
2021,East,Koramangala,Motor Vehicle Theft,21,12.941244702778743,77.63178128056751,Bengaluru,Karnataka,16153.846153846154
2021,East,Koramangala,Robbery,17,12.928383956859614,77.62852556376279,Bengaluru,Karnataka,13076.923076923078
2021,East,Koramangala,Assault,10,12.942371865026756,77.61894867435092,Bengaluru,Karnataka,7692.307692307692
2021,East,Koramangala,Cheating,29,12.932193168488919,77.63091072761942,Bengaluru,Karnataka,22307.69230769231
2021,East,Koramangala,Cyber Crime,12,12.925673288694028,77.61836259576656,Bengaluru,Karnataka,9230.76923076923
2021,East,Koramangala,Others,10,12.944537782080968,77.62008249985443,Bengaluru,Karnataka,7692.307692307692
2021,West,Vijayanagar,Theft,78,12.975190362367206,77.53897322326544,Bengaluru,Karnataka,60000.0
2021,West,Vijayanagar,House Breaking,10,12.96390683503703,77.54150801222045,Bengaluru,Karnataka,7692.307692307692
2021,West,Vijayanagar,Motor Vehicle Theft,10,12.962365143947066,77.53403142509976,Bengaluru,Karnataka,7692.307692307692
2021,West,Vijayanagar,Robbery,40,12.9678735462839,77.53422417706612,Bengaluru,Karnataka,30769.23076923077
2021,West,Vijayanagar,Assault,21,12.979590094658224,77.52590157549004,Bengaluru,Karnataka,16153.846153846154
2021,West,Vijayanagar,Cheating,11,12.961633825564373,77.54061150330998,Bengaluru,Karnataka,8461.538461538463
2021,West,Vijayanagar,Cyber Crime,38,12.98040526240795,77.53684075386981,Bengaluru,Karnataka,29230.769230769234
2021,West,Vijayanagar,Others,11,12.962999476222526,77.53538475369822,Bengaluru,Karnataka,8461.538461538463
2021,West,Rajajinagar,Theft,46,12.99486774952531,77.54779250631329,Bengaluru,Karnataka,35384.61538461539
2021,West,Rajajinagar,House Breaking,53,12.987785693244174,77.55346785817238,Bengaluru,Karnataka,40769.230769230766
2021,West,Rajajinagar,Motor Vehicle Theft,16,12.992688249553336,77.5491368018598,Bengaluru,Karnataka,12307.692307692309
2021,West,Rajajinagar,Robbery,21,12.995146358905455,77.56335611091465,Bengaluru,Karnataka,16153.846153846154
2021,West,Rajajinagar,Assault,19,12.989721503375163,77.56197450338608,Bengaluru,Karnataka,14615.384615384617
2021,West,Rajajinagar,Cheating,10,12.990197762999797,77.55689969562391,Bengaluru,Karnataka,7692.307692307692
2021,West,Rajajinagar,Cyber Crime,23,12.990435720336759,77.55881254466381,Bengaluru,Karnataka,17692.307692307695
2021,West,Rajajinagar,Others,38,12.999623616516566,77.56122049520253,Bengaluru,Karnataka,29230.769230769234
2021,West,Basaveshwaranagar,Theft,17,12.98067572809986,77.54327707672611,Bengaluru,Karnataka,13076.923076923078
2021,West,Basaveshwaranagar,House Breaking,15,12.991368469290732,77.54502276275082,Bengaluru,Karnataka,11538.461538461539
2021,West,Basaveshwaranagar,Motor Vehicle Theft,20,12.991131257891524,77.53294707924492,Bengaluru,Karnataka,15384.615384615385
2021,West,Basaveshwaranagar,Robbery,14,12.987225479461213,77.54536978678001,Bengaluru,Karnataka,10769.23076923077
2021,West,Basaveshwaranagar,Assault,36,12.986513417988185,77.54436691830999,Bengaluru,Karnataka,27692.307692307695
2021,West,Basaveshwaranagar,Cheating,16,12.979879688791568,77.54312116022224,Bengaluru,Karnataka,12307.692307692309
2021,West,Basaveshwaranagar,Cyber Crime,31,12.99220881130845,77.5477093041102,Bengaluru,Karnataka,23846.153846153848
2021,West,Basaveshwaranagar,Others,10,12.97851773363413,77.5491593208456,Bengaluru,Karnataka,7692.307692307692
2021,Central,Commercial Street,Theft,45,12.984448115880667,77.61724940028911,Bengaluru,Karnataka,34615.38461538462
2021,Central,Commercial Street,House Breaking,10,12.989328332034445,77.61225155465173,Bengaluru,Karnataka,7692.307692307692
2021,Central,Commercial Street,Motor Vehicle Theft,53,12.979645959149307,77.61400500027112,Bengaluru,Karnataka,40769.230769230766
2021,Central,Commercial Street,Robbery,38,12.99114040592682,77.60743481513718,Bengaluru,Karnataka,29230.769230769234
2021,Central,Commercial Street,Assault,35,12.991244162064666,77.61377310884319,Bengaluru,Karnataka,26923.076923076922
2021,Central,Commercial Street,Cheating,10,12.98833553573001,77.61569725775685,Bengaluru,Karnataka,7692.307692307692
2021,Central,Commercial Street,Cyber Crime,37,12.98372599625656,77.61143496873964,Bengaluru,Karnataka,28461.53846153846
2021,Central,Commercial Street,Others,10,12.98757089725222,77.6035898715603,Bengaluru,Karnataka,7692.307692307692
2021,Central,Cubbon Park,Theft,60,12.967811553153155,77.58591661316026,Bengaluru,Karnataka,46153.846153846156
2021,Central,Cubbon Park,House Breaking,10,12.980328382833891,77.58418457701428,Bengaluru,Karnataka,7692.307692307692
2021,Central,Cubbon Park,Motor Vehicle Theft,32,12.975518486067024,77.58414531421167,Bengaluru,Karnataka,24615.384615384617
2021,Central,Cubbon Park,Robbery,24,12.984296769566804,77.59458158828409,Bengaluru,Karnataka,18461.53846153846
2021,Central,Cubbon Park,Assault,50,12.977713806936203,77.59243959465115,Bengaluru,Karnataka,38461.53846153846
2021,Central,Cubbon Park,Cheating,21,12.981269502501188,77.59996895901138,Bengaluru,Karnataka,16153.846153846154
2021,Central,Cubbon Park,Cyber Crime,26,12.976964411352204,77.59759268121513,Bengaluru,Karnataka,20000.0
2021,Central,Cubbon Park,Others,10,12.975964589551005,77.58835870623527,Bengaluru,Karnataka,7692.307692307692
2021,Central,Shivajinagar,Theft,63,12.980022590873968,77.61248283770057,Bengaluru,Karnataka,48461.53846153846
2021,Central,Shivajinagar,House Breaking,12,12.99011011326125,77.61729083241339,Bengaluru,Karnataka,9230.76923076923
2021,Central,Shivajinagar,Motor Vehicle Theft,49,12.973839329038103,77.6067804051268,Bengaluru,Karnataka,37692.307692307695
2021,Central,Shivajinagar,Robbery,10,12.97497894924324,77.60747225539323,Bengaluru,Karnataka,7692.307692307692
2021,Central,Shivajinagar,Assault,17,12.974305692669772,77.60648207728377,Bengaluru,Karnataka,13076.923076923078
2021,Central,Shivajinagar,Cheating,10,12.980050010961477,77.61649279972005,Bengaluru,Karnataka,7692.307692307692
2021,Central,Shivajinagar,Cyber Crime,14,12.978345430635647,77.60053812465524,Bengaluru,Karnataka,10769.23076923077
2021,Central,Shivajinagar,Others,16,12.974341712164865,77.61793839384764,Bengaluru,Karnataka,12307.692307692309
2021,Central,MG Road,Theft,21,12.981824660992219,77.60633509310489,Bengaluru,Karnataka,16153.846153846154
2021,Central,MG Road,House Breaking,30,12.97018721364725,77.5937076003464,Bengaluru,Karnataka,23076.923076923078
2021,Central,MG Road,Motor Vehicle Theft,10,12.975671221218922,77.59558778892219,Bengaluru,Karnataka,7692.307692307692
2021,Central,MG Road,Robbery,31,12.980189299424923,77.60863796196713,Bengaluru,Karnataka,23846.153846153848
2021,Central,MG Road,Assault,27,12.985474694882024,77.60766714457192,Bengaluru,Karnataka,20769.23076923077
2021,Central,MG Road,Cheating,10,12.985494415460682,77.59546197499316,Bengaluru,Karnataka,7692.307692307692
2021,Central,MG Road,Cyber Crime,10,12.977715934568248,77.61146052302095,Bengaluru,Karnataka,7692.307692307692
2021,Central,MG Road,Others,32,12.970166595541835,77.605141957225,Bengaluru,Karnataka,24615.384615384617
2021,NE,Yelahanka,Theft,85,13.09273802610892,77.60174961769903,Bengaluru,Karnataka,65384.61538461538
2021,NE,Yelahanka,House Breaking,57,13.106810559272922,77.602224544332,Bengaluru,Karnataka,43846.153846153844
2021,NE,Yelahanka,Motor Vehicle Theft,10,13.09764407530617,77.59486756026469,Bengaluru,Karnataka,7692.307692307692
2021,NE,Yelahanka,Robbery,23,13.103650865081136,77.58655304300332,Bengaluru,Karnataka,17692.307692307695
2021,NE,Yelahanka,Assault,26,13.092810777412879,77.60551575134429,Bengaluru,Karnataka,20000.0
2021,NE,Yelahanka,Cheating,25,13.10484617287412,77.59500974290015,Bengaluru,Karnataka,19230.76923076923
2021,NE,Yelahanka,Cyber Crime,37,13.096101647927748,77.60246398437613,Bengaluru,Karnataka,28461.53846153846
2021,NE,Yelahanka,Others,19,13.09999747543269,77.60281469196842,Bengaluru,Karnataka,14615.384615384617
2021,NE,Hebbal,Theft,69,13.042834263200387,77.60361462037781,Bengaluru,Karnataka,53076.92307692308
2021,NE,Hebbal,House Breaking,18,13.030677268783819,77.59629416933205,Bengaluru,Karnataka,13846.153846153848
2021,NE,Hebbal,Motor Vehicle Theft,28,13.032527932397828,77.5968861300723,Bengaluru,Karnataka,21538.46153846154
2021,NE,Hebbal,Robbery,21,13.030042397003594,77.60295664713655,Bengaluru,Karnataka,16153.846153846154
2021,NE,Hebbal,Assault,31,13.039823675006645,77.59252537151512,Bengaluru,Karnataka,23846.153846153848
2021,NE,Hebbal,Cheating,10,13.02751225923916,77.60140149328208,Bengaluru,Karnataka,7692.307692307692
2021,NE,Hebbal,Cyber Crime,40,13.030606478722484,77.59652186221568,Bengaluru,Karnataka,30769.23076923077
2021,NE,Hebbal,Others,19,13.041658657362646,77.58886106701108,Bengaluru,Karnataka,14615.384615384617
2021,SE,Electronic City,Theft,60,12.840466103277535,77.66357920043194,Bengaluru,Karnataka,46153.846153846156
2021,SE,Electronic City,House Breaking,36,12.846218438622914,77.65881007625411,Bengaluru,Karnataka,27692.307692307695
2021,SE,Electronic City,Motor Vehicle Theft,29,12.842636210552282,77.65937490525707,Bengaluru,Karnataka,22307.69230769231
2021,SE,Electronic City,Robbery,10,12.838013117695045,77.65415168586904,Bengaluru,Karnataka,7692.307692307692
2021,SE,Electronic City,Assault,21,12.854617551207868,77.66410327108282,Bengaluru,Karnataka,16153.846153846154
2021,SE,Electronic City,Cheating,34,12.845283971744253,77.66479170002187,Bengaluru,Karnataka,26153.846153846156
2021,SE,Electronic City,Cyber Crime,33,12.847535814810245,77.66991021260925,Bengaluru,Karnataka,25384.615384615383
2021,SE,Electronic City,Others,10,12.840149663269651,77.65388883087371,Bengaluru,Karnataka,7692.307692307692
2021,SE,HSR Layout,Theft,32,12.90463165919696,77.63551031401965,Bengaluru,Karnataka,24615.384615384617
2021,SE,HSR Layout,House Breaking,10,12.916048347858204,77.63712558985917,Bengaluru,Karnataka,7692.307692307692
2021,SE,HSR Layout,Motor Vehicle Theft,43,12.904151752935755,77.63484530806751,Bengaluru,Karnataka,33076.92307692308
2021,SE,HSR Layout,Robbery,19,12.91090937596272,77.6382872734078,Bengaluru,Karnataka,14615.384615384617
2021,SE,HSR Layout,Assault,16,12.904381742814499,77.63590686870228,Bengaluru,Karnataka,12307.692307692309
2021,SE,HSR Layout,Cheating,29,12.91468891413904,77.63567218148584,Bengaluru,Karnataka,22307.69230769231
2021,SE,HSR Layout,Cyber Crime,22,12.92108251284716,77.63630361816791,Bengaluru,Karnataka,16923.076923076926
2021,SE,HSR Layout,Others,20,12.917388868906524,77.64672635302486,Bengaluru,Karnataka,15384.615384615385
2021,Traffic,Outer Ring Road,Theft,80,12.977113870793964,77.59220756052294,Bengaluru,Karnataka,61538.46153846154
2021,Traffic,Outer Ring Road,House Breaking,40,12.978803333316524,77.60440062520934,Bengaluru,Karnataka,30769.23076923077
2021,Traffic,Outer Ring Road,Motor Vehicle Theft,34,12.96280460608745,77.60380217554868,Bengaluru,Karnataka,26153.846153846156
2021,Traffic,Outer Ring Road,Robbery,33,12.96575575811647,77.5888205039061,Bengaluru,Karnataka,25384.615384615383
2021,Traffic,Outer Ring Road,Assault,11,12.966397303553494,77.59563984491156,Bengaluru,Karnataka,8461.538461538463
2021,Traffic,Outer Ring Road,Cheating,13,12.970610074092354,77.59647622390239,Bengaluru,Karnataka,10000.0
2021,Traffic,Outer Ring Road,Cyber Crime,10,12.967362097791874,77.59025436746225,Bengaluru,Karnataka,7692.307692307692
2021,Traffic,Outer Ring Road,Others,10,12.975347698401425,77.60307822088966,Bengaluru,Karnataka,7692.307692307692
2021,Traffic,Silk Board,Theft,106,12.919095791784104,77.62867811360563,Bengaluru,Karnataka,81538.46153846153
2021,Traffic,Silk Board,House Breaking,10,12.91819124757421,77.62555269446806,Bengaluru,Karnataka,7692.307692307692
2021,Traffic,Silk Board,Motor Vehicle Theft,22,12.908728196737115,77.61591845578442,Bengaluru,Karnataka,16923.076923076926
2021,Traffic,Silk Board,Robbery,37,12.923784806026399,77.63102385057935,Bengaluru,Karnataka,28461.53846153846
2021,Traffic,Silk Board,Assault,24,12.92107355982424,77.62659467369951,Bengaluru,Karnataka,18461.53846153846
2021,Traffic,Silk Board,Cheating,34,12.918099631251959,77.62135517727144,Bengaluru,Karnataka,26153.846153846156
2021,Traffic,Silk Board,Cyber Crime,20,12.921990678465711,77.62467427281892,Bengaluru,Karnataka,15384.615384615385
2021,Traffic,Silk Board,Others,10,12.926538222043856,77.62931917227813,Bengaluru,Karnataka,7692.307692307692
2022,North,Yeshwanthpur,Theft,54,13.03799144833755,77.54194563168606,Bengaluru,Karnataka,41538.46153846154
2022,North,Yeshwanthpur,House Breaking,10,13.033262180083435,77.53200381455876,Bengaluru,Karnataka,7692.307692307692
2022,North,Yeshwanthpur,Motor Vehicle Theft,31,13.036321455758536,77.53212978294447,Bengaluru,Karnataka,23846.153846153848
2022,North,Yeshwanthpur,Robbery,36,13.034284898890812,77.54788110472131,Bengaluru,Karnataka,27692.307692307695
2022,North,Yeshwanthpur,Assault,24,13.024666167873303,77.54190267019042,Bengaluru,Karnataka,18461.53846153846
2022,North,Yeshwanthpur,Cheating,23,13.026232901795757,77.53840938041928,Bengaluru,Karnataka,17692.307692307695
2022,North,Yeshwanthpur,Cyber Crime,21,13.03427132069476,77.53950193217943,Bengaluru,Karnataka,16153.846153846154
2022,North,Yeshwanthpur,Others,10,13.023047977018845,77.53081843202862,Bengaluru,Karnataka,7692.307692307692
2022,North,Malleswaram,Theft,103,13.013198544065375,77.56032302134896,Bengaluru,Karnataka,79230.76923076922
2022,North,Malleswaram,House Breaking,52,13.004964951415987,77.56405165082789,Bengaluru,Karnataka,40000.0
2022,North,Malleswaram,Motor Vehicle Theft,46,13.006669862047644,77.56914081911445,Bengaluru,Karnataka,35384.61538461539
2022,North,Malleswaram,Robbery,10,13.007684392781707,77.57885345521689,Bengaluru,Karnataka,7692.307692307692
2022,North,Malleswaram,Assault,41,13.006394235939,77.56087738884884,Bengaluru,Karnataka,31538.46153846154
2022,North,Malleswaram,Cheating,12,13.010895656502006,77.56651500276787,Bengaluru,Karnataka,9230.76923076923
2022,North,Malleswaram,Cyber Crime,10,12.99856418402563,77.58014514278791,Bengaluru,Karnataka,7692.307692307692
2022,North,Malleswaram,Others,24,13.015641214847188,77.57325419377568,Bengaluru,Karnataka,18461.53846153846
2022,North,Rajajinagar,Theft,58,12.987437231205236,77.55940823259851,Bengaluru,Karnataka,44615.38461538462
2022,North,Rajajinagar,House Breaking,34,13.001204892652067,77.5501746181215,Bengaluru,Karnataka,26153.846153846156
2022,North,Rajajinagar,Motor Vehicle Theft,28,12.985412207418959,77.5572875519735,Bengaluru,Karnataka,21538.46153846154
2022,North,Rajajinagar,Robbery,10,12.998880538688573,77.55082494805644,Bengaluru,Karnataka,7692.307692307692
2022,North,Rajajinagar,Assault,32,12.988397504862286,77.56105434811529,Bengaluru,Karnataka,24615.384615384617
2022,North,Rajajinagar,Cheating,10,12.987256779665657,77.55127111699544,Bengaluru,Karnataka,7692.307692307692
2022,North,Rajajinagar,Cyber Crime,36,12.991392806933113,77.54827190836765,Bengaluru,Karnataka,27692.307692307695
2022,North,Rajajinagar,Others,11,12.988248799114215,77.5605574535524,Bengaluru,Karnataka,8461.538461538463
2022,North,Sadashivanagar,Theft,54,13.014092033664681,77.57991549262665,Bengaluru,Karnataka,41538.46153846154
2022,North,Sadashivanagar,House Breaking,21,13.001371248921158,77.575810889502,Bengaluru,Karnataka,16153.846153846154
2022,North,Sadashivanagar,Motor Vehicle Theft,34,13.006159525004808,77.5785686033564,Bengaluru,Karnataka,26153.846153846156
2022,North,Sadashivanagar,Robbery,34,13.012547873213999,77.57334038002801,Bengaluru,Karnataka,26153.846153846156
2022,North,Sadashivanagar,Assault,10,12.999224925396188,77.57960707180354,Bengaluru,Karnataka,7692.307692307692
2022,North,Sadashivanagar,Cheating,10,13.014183807481087,77.56910612419541,Bengaluru,Karnataka,7692.307692307692
2022,North,Sadashivanagar,Cyber Crime,22,12.997006951958305,77.56318310831934,Bengaluru,Karnataka,16923.076923076926
2022,North,Sadashivanagar,Others,10,12.998196564964875,77.57593050582547,Bengaluru,Karnataka,7692.307692307692
2022,South,Jayanagar,Theft,62,12.928854091971738,77.59669673305159,Bengaluru,Karnataka,47692.307692307695
2022,South,Jayanagar,House Breaking,65,12.932186843683366,77.59130018795045,Bengaluru,Karnataka,50000.0
2022,South,Jayanagar,Motor Vehicle Theft,41,12.932748773658187,77.5934589497078,Bengaluru,Karnataka,31538.46153846154
2022,South,Jayanagar,Robbery,35,12.916368414943632,77.5963232203371,Bengaluru,Karnataka,26923.076923076922
2022,South,Jayanagar,Assault,24,12.929935327334759,77.59237942943847,Bengaluru,Karnataka,18461.53846153846
2022,South,Jayanagar,Cheating,26,12.929077816586581,77.58571014480646,Bengaluru,Karnataka,20000.0
2022,South,Jayanagar,Cyber Crime,10,12.93306848124101,77.58461981937354,Bengaluru,Karnataka,7692.307692307692
2022,South,Jayanagar,Others,11,12.922169266846009,77.5923137357571,Bengaluru,Karnataka,8461.538461538463
2022,South,BTM Layout,Theft,47,12.917818561238319,77.61595038947762,Bengaluru,Karnataka,36153.846153846156
2022,South,BTM Layout,House Breaking,10,12.91868983573777,77.60775088597234,Bengaluru,Karnataka,7692.307692307692
2022,South,BTM Layout,Motor Vehicle Theft,39,12.924756580320471,77.60296235440258,Bengaluru,Karnataka,30000.0
2022,South,BTM Layout,Robbery,10,12.915691409983534,77.61343681434533,Bengaluru,Karnataka,7692.307692307692
2022,South,BTM Layout,Assault,38,12.924524188471977,77.61365221771399,Bengaluru,Karnataka,29230.769230769234
2022,South,BTM Layout,Cheating,15,12.925404712698692,77.61985303390438,Bengaluru,Karnataka,11538.461538461539
2022,South,BTM Layout,Cyber Crime,16,12.920306270249203,77.60923671625336,Bengaluru,Karnataka,12307.692307692309
2022,South,BTM Layout,Others,10,12.923566709173203,77.60223306534844,Bengaluru,Karnataka,7692.307692307692
2022,South,JP Nagar,Theft,56,12.909596238603573,77.59535384087253,Bengaluru,Karnataka,43076.92307692308
2022,South,JP Nagar,House Breaking,42,12.906016114818227,77.57566195931523,Bengaluru,Karnataka,32307.69230769231
2022,South,JP Nagar,Motor Vehicle Theft,63,12.912993376823305,77.57648088501551,Bengaluru,Karnataka,48461.53846153846
2022,South,JP Nagar,Robbery,28,12.914756777993462,77.593558698369,Bengaluru,Karnataka,21538.46153846154
2022,South,JP Nagar,Assault,20,12.910241299963285,77.5825464191167,Bengaluru,Karnataka,15384.615384615385
2022,South,JP Nagar,Cheating,37,12.903112536000872,77.59061154647483,Bengaluru,Karnataka,28461.53846153846
2022,South,JP Nagar,Cyber Crime,41,12.91486674233925,77.58806496207373,Bengaluru,Karnataka,31538.46153846154
2022,South,JP Nagar,Others,35,12.898888451479216,77.5912722096802,Bengaluru,Karnataka,26923.076923076922
2022,South,Banashankari,Theft,25,12.929647195358786,77.53980266751492,Bengaluru,Karnataka,19230.76923076923
2022,South,Banashankari,House Breaking,47,12.923310061868376,77.542015895893,Bengaluru,Karnataka,36153.846153846156
2022,South,Banashankari,Motor Vehicle Theft,34,12.925617047474056,77.55626973948964,Bengaluru,Karnataka,26153.846153846156
2022,South,Banashankari,Robbery,18,12.933280979070767,77.55688375632195,Bengaluru,Karnataka,13846.153846153848
2022,South,Banashankari,Assault,29,12.929931187014342,77.54477430507605,Bengaluru,Karnataka,22307.69230769231
2022,South,Banashankari,Cheating,10,12.91781514030012,77.55733000418925,Bengaluru,Karnataka,7692.307692307692
2022,South,Banashankari,Cyber Crime,46,12.928488124606005,77.54594822990407,Bengaluru,Karnataka,35384.61538461539
2022,South,Banashankari,Others,29,12.922315500988113,77.55381363937178,Bengaluru,Karnataka,22307.69230769231
2022,East,Whitefield,Theft,34,12.96227177473527,77.74727171317232,Bengaluru,Karnataka,26153.846153846156
2022,East,Whitefield,House Breaking,34,12.971491201833043,77.75634834602454,Bengaluru,Karnataka,26153.846153846156
2022,East,Whitefield,Motor Vehicle Theft,22,12.973296731107506,77.74932953735963,Bengaluru,Karnataka,16923.076923076926
2022,East,Whitefield,Robbery,32,12.966360125636347,77.75210164391717,Bengaluru,Karnataka,24615.384615384617
2022,East,Whitefield,Assault,42,12.976277107027808,77.75808775276856,Bengaluru,Karnataka,32307.69230769231
2022,East,Whitefield,Cheating,16,12.962133518734541,77.74080693622027,Bengaluru,Karnataka,12307.692307692309
2022,East,Whitefield,Cyber Crime,15,12.962122409614501,77.74459600064863,Bengaluru,Karnataka,11538.461538461539
2022,East,Whitefield,Others,13,12.968872875137777,77.753309724377,Bengaluru,Karnataka,10000.0
2022,East,Marathahalli,Theft,103,12.957482535068294,77.70224538029531,Bengaluru,Karnataka,79230.76923076922
2022,East,Marathahalli,House Breaking,20,12.96219843794987,77.70407386166593,Bengaluru,Karnataka,15384.615384615385
2022,East,Marathahalli,Motor Vehicle Theft,23,12.9497543257371,77.69481059917469,Bengaluru,Karnataka,17692.307692307695
2022,East,Marathahalli,Robbery,10,12.966209003866119,77.68938709249213,Bengaluru,Karnataka,7692.307692307692
2022,East,Marathahalli,Assault,37,12.967133924248493,77.70029653619508,Bengaluru,Karnataka,28461.53846153846
2022,East,Marathahalli,Cheating,10,12.952896171243221,77.68984319438175,Bengaluru,Karnataka,7692.307692307692
2022,East,Marathahalli,Cyber Crime,28,12.95093346847635,77.69164211630847,Bengaluru,Karnataka,21538.46153846154
2022,East,Marathahalli,Others,10,12.950111570213258,77.69407018312866,Bengaluru,Karnataka,7692.307692307692
2022,East,Indiranagar,Theft,142,12.97289155951816,77.63257220305648,Bengaluru,Karnataka,109230.76923076922
2022,East,Indiranagar,House Breaking,32,12.973327661671632,77.64746105962242,Bengaluru,Karnataka,24615.384615384617
2022,East,Indiranagar,Motor Vehicle Theft,43,12.96455108359883,77.64921062071264,Bengaluru,Karnataka,33076.92307692308
2022,East,Indiranagar,Robbery,10,12.981350546087324,77.64200430913726,Bengaluru,Karnataka,7692.307692307692
2022,East,Indiranagar,Assault,13,12.974821152851947,77.63171560299573,Bengaluru,Karnataka,10000.0
2022,East,Indiranagar,Cheating,34,12.977368630689075,77.642977058441,Bengaluru,Karnataka,26153.846153846156
2022,East,Indiranagar,Cyber Crime,10,12.962647980357223,77.64603436113909,Bengaluru,Karnataka,7692.307692307692
2022,East,Indiranagar,Others,36,12.962871160762942,77.64016550428539,Bengaluru,Karnataka,27692.307692307695
2022,East,Koramangala,Theft,70,12.927381080200076,77.62457677379571,Bengaluru,Karnataka,53846.153846153844
2022,East,Koramangala,House Breaking,28,12.939744859943275,77.63267503375813,Bengaluru,Karnataka,21538.46153846154
2022,East,Koramangala,Motor Vehicle Theft,26,12.934360850441953,77.63378052366244,Bengaluru,Karnataka,20000.0
2022,East,Koramangala,Robbery,15,12.942145970863345,77.62302547238559,Bengaluru,Karnataka,11538.461538461539
2022,East,Koramangala,Assault,33,12.943394016582305,77.61596981431532,Bengaluru,Karnataka,25384.615384615383
2022,East,Koramangala,Cheating,24,12.928166676513207,77.6170238317661,Bengaluru,Karnataka,18461.53846153846
2022,East,Koramangala,Cyber Crime,32,12.936167128680967,77.62100370886637,Bengaluru,Karnataka,24615.384615384617
2022,East,Koramangala,Others,29,12.931097954918998,77.62461102148971,Bengaluru,Karnataka,22307.69230769231
2022,West,Vijayanagar,Theft,89,12.975635588370922,77.53915585474591,Bengaluru,Karnataka,68461.53846153847
2022,West,Vijayanagar,House Breaking,63,12.972626704567796,77.53940984631404,Bengaluru,Karnataka,48461.53846153846
2022,West,Vijayanagar,Motor Vehicle Theft,14,12.969876271423539,77.5386483844956,Bengaluru,Karnataka,10769.23076923077
2022,West,Vijayanagar,Robbery,38,12.963501716785514,77.53063528012522,Bengaluru,Karnataka,29230.769230769234
2022,West,Vijayanagar,Assault,26,12.980671850352383,77.53583642070934,Bengaluru,Karnataka,20000.0
2022,West,Vijayanagar,Cheating,10,12.978235437769497,77.52396460203407,Bengaluru,Karnataka,7692.307692307692
2022,West,Vijayanagar,Cyber Crime,32,12.969052937187518,77.52470230907147,Bengaluru,Karnataka,24615.384615384617
2022,West,Vijayanagar,Others,18,12.972833667631395,77.53550026529464,Bengaluru,Karnataka,13846.153846153848
2022,West,Rajajinagar,Theft,79,13.000422597377044,77.55375873711527,Bengaluru,Karnataka,60769.230769230766
2022,West,Rajajinagar,House Breaking,28,13.00096797250623,77.5573082018245,Bengaluru,Karnataka,21538.46153846154
2022,West,Rajajinagar,Motor Vehicle Theft,33,12.99174825093936,77.54839460351717,Bengaluru,Karnataka,25384.615384615383
2022,West,Rajajinagar,Robbery,10,12.988602279884423,77.55642530952208,Bengaluru,Karnataka,7692.307692307692
2022,West,Rajajinagar,Assault,10,12.993082000086629,77.56144442742306,Bengaluru,Karnataka,7692.307692307692
2022,West,Rajajinagar,Cheating,51,12.997968537190813,77.5575714656107,Bengaluru,Karnataka,39230.76923076923
2022,West,Rajajinagar,Cyber Crime,10,12.993779898311061,77.55845662455998,Bengaluru,Karnataka,7692.307692307692
2022,West,Rajajinagar,Others,10,12.985208321439217,77.55935397545731,Bengaluru,Karnataka,7692.307692307692
2022,West,Basaveshwaranagar,Theft,49,12.982020468414738,77.53362811116426,Bengaluru,Karnataka,37692.307692307695
2022,West,Basaveshwaranagar,House Breaking,35,12.98301568687999,77.53283749308304,Bengaluru,Karnataka,26923.076923076922
2022,West,Basaveshwaranagar,Motor Vehicle Theft,10,12.976835153661089,77.54060965377319,Bengaluru,Karnataka,7692.307692307692
2022,West,Basaveshwaranagar,Robbery,21,12.981817919635386,77.53740106184955,Bengaluru,Karnataka,16153.846153846154
2022,West,Basaveshwaranagar,Assault,53,12.9938281484794,77.5419244754441,Bengaluru,Karnataka,40769.230769230766
2022,West,Basaveshwaranagar,Cheating,12,12.978148197942142,77.54235676363852,Bengaluru,Karnataka,9230.76923076923
2022,West,Basaveshwaranagar,Cyber Crime,13,12.983862259486607,77.53848029546226,Bengaluru,Karnataka,10000.0
2022,West,Basaveshwaranagar,Others,16,12.980463336887295,77.54509886287337,Bengaluru,Karnataka,12307.692307692309
2022,Central,Commercial Street,Theft,36,12.975517795444018,77.61246435785867,Bengaluru,Karnataka,27692.307692307695
2022,Central,Commercial Street,House Breaking,45,12.986642651174726,77.5998083472521,Bengaluru,Karnataka,34615.38461538462
2022,Central,Commercial Street,Motor Vehicle Theft,37,12.974395639170362,77.60298846248708,Bengaluru,Karnataka,28461.53846153846
2022,Central,Commercial Street,Robbery,53,12.976044696105147,77.60401039008043,Bengaluru,Karnataka,40769.230769230766
2022,Central,Commercial Street,Assault,10,12.983247706572266,77.60751310022708,Bengaluru,Karnataka,7692.307692307692
2022,Central,Commercial Street,Cheating,21,12.987373425267654,77.60890524693113,Bengaluru,Karnataka,16153.846153846154
2022,Central,Commercial Street,Cyber Crime,21,12.974741509931842,77.61613528724045,Bengaluru,Karnataka,16153.846153846154
2022,Central,Commercial Street,Others,10,12.982495085007125,77.60045725223752,Bengaluru,Karnataka,7692.307692307692
2022,Central,Cubbon Park,Theft,55,12.977667993617716,77.59708997923138,Bengaluru,Karnataka,42307.692307692305
2022,Central,Cubbon Park,House Breaking,12,12.9743006461413,77.60222399382066,Bengaluru,Karnataka,9230.76923076923
2022,Central,Cubbon Park,Motor Vehicle Theft,31,12.975401938037876,77.59669220082161,Bengaluru,Karnataka,23846.153846153848
2022,Central,Cubbon Park,Robbery,19,12.983089687196294,77.58776632949646,Bengaluru,Karnataka,14615.384615384617
2022,Central,Cubbon Park,Assault,34,12.967772941749658,77.60031048832391,Bengaluru,Karnataka,26153.846153846156
2022,Central,Cubbon Park,Cheating,14,12.972861372449863,77.58626265416092,Bengaluru,Karnataka,10769.23076923077
2022,Central,Cubbon Park,Cyber Crime,10,12.976812096415454,77.58677807412533,Bengaluru,Karnataka,7692.307692307692
2022,Central,Cubbon Park,Others,15,12.980747582113478,77.5992789720305,Bengaluru,Karnataka,11538.461538461539
2022,Central,Shivajinagar,Theft,90,12.975356090555556,77.60401936444003,Bengaluru,Karnataka,69230.76923076923
2022,Central,Shivajinagar,House Breaking,10,12.988504305910938,77.61201018021038,Bengaluru,Karnataka,7692.307692307692
2022,Central,Shivajinagar,Motor Vehicle Theft,41,12.985858975442367,77.60817906137027,Bengaluru,Karnataka,31538.46153846154
2022,Central,Shivajinagar,Robbery,33,12.982278105139901,77.61738308516772,Bengaluru,Karnataka,25384.615384615383
2022,Central,Shivajinagar,Assault,40,12.993030638954718,77.60536416483288,Bengaluru,Karnataka,30769.23076923077
2022,Central,Shivajinagar,Cheating,25,12.976319148027862,77.60026572516992,Bengaluru,Karnataka,19230.76923076923
2022,Central,Shivajinagar,Cyber Crime,11,12.989226593583028,77.61072839513663,Bengaluru,Karnataka,8461.538461538463
2022,Central,Shivajinagar,Others,10,12.979508157012127,77.60793827727402,Bengaluru,Karnataka,7692.307692307692
2022,Central,MG Road,Theft,22,12.967734620023469,77.61058500067851,Bengaluru,Karnataka,16923.076923076926
2022,Central,MG Road,House Breaking,61,12.978081596372585,77.60098964953166,Bengaluru,Karnataka,46923.07692307692
2022,Central,MG Road,Motor Vehicle Theft,55,12.980978420909626,77.59412045427706,Bengaluru,Karnataka,42307.692307692305
2022,Central,MG Road,Robbery,39,12.979236749092973,77.5997305352576,Bengaluru,Karnataka,30000.0
2022,Central,MG Road,Assault,10,12.985354447177333,77.60231046218031,Bengaluru,Karnataka,7692.307692307692
2022,Central,MG Road,Cheating,22,12.985847711621869,77.5949865826405,Bengaluru,Karnataka,16923.076923076926
2022,Central,MG Road,Cyber Crime,10,12.971154874471965,77.60205516548619,Bengaluru,Karnataka,7692.307692307692
2022,Central,MG Road,Others,21,12.978396108126454,77.60057795919371,Bengaluru,Karnataka,16153.846153846154
2022,NE,Yelahanka,Theft,109,13.098875387944947,77.59306734293683,Bengaluru,Karnataka,83846.15384615384
2022,NE,Yelahanka,House Breaking,62,13.10331773148884,77.59299298694519,Bengaluru,Karnataka,47692.307692307695
2022,NE,Yelahanka,Motor Vehicle Theft,32,13.104267586896801,77.59198293947756,Bengaluru,Karnataka,24615.384615384617
2022,NE,Yelahanka,Robbery,41,13.109988200573078,77.5983540162732,Bengaluru,Karnataka,31538.46153846154
2022,NE,Yelahanka,Assault,10,13.102354790291729,77.58912856761168,Bengaluru,Karnataka,7692.307692307692
2022,NE,Yelahanka,Cheating,32,13.104669599256237,77.5941391596867,Bengaluru,Karnataka,24615.384615384617
2022,NE,Yelahanka,Cyber Crime,10,13.09689163774832,77.59383358612112,Bengaluru,Karnataka,7692.307692307692
2022,NE,Yelahanka,Others,10,13.104102327999895,77.60287917945789,Bengaluru,Karnataka,7692.307692307692
2022,NE,Hebbal,Theft,111,13.044048959709167,77.58886905930132,Bengaluru,Karnataka,85384.61538461538
2022,NE,Hebbal,House Breaking,47,13.033036561926936,77.59425195337964,Bengaluru,Karnataka,36153.846153846156
2022,NE,Hebbal,Motor Vehicle Theft,10,13.03263464690263,77.60232312415334,Bengaluru,Karnataka,7692.307692307692
2022,NE,Hebbal,Robbery,10,13.028898903458888,77.5929158420331,Bengaluru,Karnataka,7692.307692307692
2022,NE,Hebbal,Assault,38,13.041217494407261,77.60370239653268,Bengaluru,Karnataka,29230.769230769234
2022,NE,Hebbal,Cheating,10,13.039038584747429,77.60452785545085,Bengaluru,Karnataka,7692.307692307692
2022,NE,Hebbal,Cyber Crime,33,13.03333439741645,77.59024494424176,Bengaluru,Karnataka,25384.615384615383
2022,NE,Hebbal,Others,42,13.038294809599078,77.60505311965429,Bengaluru,Karnataka,32307.69230769231
2022,SE,Electronic City,Theft,69,12.84381717222993,77.66382725844377,Bengaluru,Karnataka,53076.92307692308
2022,SE,Electronic City,House Breaking,25,12.847811908442516,77.66534782330224,Bengaluru,Karnataka,19230.76923076923
2022,SE,Electronic City,Motor Vehicle Theft,25,12.846280222993965,77.65648935793126,Bengaluru,Karnataka,19230.76923076923
2022,SE,Electronic City,Robbery,31,12.853679486762749,77.65418032352446,Bengaluru,Karnataka,23846.153846153848
2022,SE,Electronic City,Assault,39,12.855288795870631,77.65953359956883,Bengaluru,Karnataka,30000.0
2022,SE,Electronic City,Cheating,14,12.845658133829751,77.6586732165346,Bengaluru,Karnataka,10769.23076923077
2022,SE,Electronic City,Cyber Crime,10,12.85162518448303,77.65306797069208,Bengaluru,Karnataka,7692.307692307692
2022,SE,Electronic City,Others,27,12.845211813109236,77.65772424213209,Bengaluru,Karnataka,20769.23076923077
2022,SE,HSR Layout,Theft,132,12.91901784553467,77.65162332096169,Bengaluru,Karnataka,101538.46153846153
2022,SE,HSR Layout,House Breaking,47,12.905306246684908,77.64358638440747,Bengaluru,Karnataka,36153.846153846156
2022,SE,HSR Layout,Motor Vehicle Theft,30,12.903934271393183,77.65281009907454,Bengaluru,Karnataka,23076.923076923078
2022,SE,HSR Layout,Robbery,23,12.920709438542525,77.64289793811638,Bengaluru,Karnataka,17692.307692307695
2022,SE,HSR Layout,Assault,19,12.90681556147727,77.65449050702476,Bengaluru,Karnataka,14615.384615384617
2022,SE,HSR Layout,Cheating,10,12.908473697508995,77.63658166248786,Bengaluru,Karnataka,7692.307692307692
2022,SE,HSR Layout,Cyber Crime,18,12.917927612749644,77.63735199175451,Bengaluru,Karnataka,13846.153846153848
2022,SE,HSR Layout,Others,16,12.91602143977152,77.63737585383636,Bengaluru,Karnataka,12307.692307692309
2022,Traffic,Outer Ring Road,Theft,93,12.973906965143271,77.60271714978207,Bengaluru,Karnataka,71538.46153846155
2022,Traffic,Outer Ring Road,House Breaking,10,12.978299261985647,77.59557608490887,Bengaluru,Karnataka,7692.307692307692
2022,Traffic,Outer Ring Road,Motor Vehicle Theft,43,12.97006509517896,77.60012345265271,Bengaluru,Karnataka,33076.92307692308
2022,Traffic,Outer Ring Road,Robbery,10,12.962554988932377,77.59299651087507,Bengaluru,Karnataka,7692.307692307692
2022,Traffic,Outer Ring Road,Assault,35,12.962856143020222,77.60133375441211,Bengaluru,Karnataka,26923.076923076922
2022,Traffic,Outer Ring Road,Cheating,29,12.961928707044118,77.59490751460419,Bengaluru,Karnataka,22307.69230769231
2022,Traffic,Outer Ring Road,Cyber Crime,10,12.967425439755505,77.58463128671866,Bengaluru,Karnataka,7692.307692307692
2022,Traffic,Outer Ring Road,Others,23,12.96993135190417,77.59788742603484,Bengaluru,Karnataka,17692.307692307695
2022,Traffic,Silk Board,Theft,29,12.908653586458176,77.62312118890645,Bengaluru,Karnataka,22307.69230769231
2022,Traffic,Silk Board,House Breaking,40,12.918383039048363,77.6204090746512,Bengaluru,Karnataka,30769.23076923077
2022,Traffic,Silk Board,Motor Vehicle Theft,41,12.915037626430546,77.62006604774203,Bengaluru,Karnataka,31538.46153846154
2022,Traffic,Silk Board,Robbery,22,12.923070400325589,77.61949604986327,Bengaluru,Karnataka,16923.076923076926
2022,Traffic,Silk Board,Assault,45,12.909373277349992,77.62423806643118,Bengaluru,Karnataka,34615.38461538462
2022,Traffic,Silk Board,Cheating,10,12.908186713765904,77.62352027490417,Bengaluru,Karnataka,7692.307692307692
2022,Traffic,Silk Board,Cyber Crime,10,12.923907673135272,77.62629365132818,Bengaluru,Karnataka,7692.307692307692
2022,Traffic,Silk Board,Others,25,12.919934716955165,77.62882995363695,Bengaluru,Karnataka,19230.76923076923
2023,North,Yeshwanthpur,Theft,55,13.036872103014243,77.52923967580399,Bengaluru,Karnataka,42307.692307692305
2023,North,Yeshwanthpur,House Breaking,47,13.021989396674304,77.52933811883861,Bengaluru,Karnataka,36153.846153846156
2023,North,Yeshwanthpur,Motor Vehicle Theft,51,13.025964481113721,77.54480812161312,Bengaluru,Karnataka,39230.76923076923
2023,North,Yeshwanthpur,Robbery,10,13.033065818376377,77.53232206861468,Bengaluru,Karnataka,7692.307692307692
2023,North,Yeshwanthpur,Assault,45,13.01895608068493,77.54161462735115,Bengaluru,Karnataka,34615.38461538462
2023,North,Yeshwanthpur,Cheating,13,13.026739027662499,77.53650043549288,Bengaluru,Karnataka,10000.0
2023,North,Yeshwanthpur,Cyber Crime,16,13.024780732568164,77.5322363443518,Bengaluru,Karnataka,12307.692307692309
2023,North,Yeshwanthpur,Others,15,13.036486209332539,77.5388855170707,Bengaluru,Karnataka,11538.461538461539
2023,North,Malleswaram,Theft,127,13.005189993226368,77.56891214304007,Bengaluru,Karnataka,97692.30769230769
2023,North,Malleswaram,House Breaking,42,13.007609487946894,77.5667242285643,Bengaluru,Karnataka,32307.69230769231
2023,North,Malleswaram,Motor Vehicle Theft,31,13.002612798986807,77.56921831526199,Bengaluru,Karnataka,23846.153846153848
2023,North,Malleswaram,Robbery,11,13.01049529616891,77.56733093967544,Bengaluru,Karnataka,8461.538461538463
2023,North,Malleswaram,Assault,10,13.008997029643975,77.56899881008187,Bengaluru,Karnataka,7692.307692307692
2023,North,Malleswaram,Cheating,49,13.015658087572062,77.56180082329976,Bengaluru,Karnataka,37692.307692307695
2023,North,Malleswaram,Cyber Crime,20,13.006961720389292,77.57529795968524,Bengaluru,Karnataka,15384.615384615385
2023,North,Malleswaram,Others,10,12.999555589367251,77.57245145806642,Bengaluru,Karnataka,7692.307692307692
2023,North,Rajajinagar,Theft,81,12.984124600486044,77.55001990760842,Bengaluru,Karnataka,62307.692307692305
2023,North,Rajajinagar,House Breaking,39,12.989257088033776,77.55664489283448,Bengaluru,Karnataka,30000.0
2023,North,Rajajinagar,Motor Vehicle Theft,51,12.990598451374296,77.552719290151,Bengaluru,Karnataka,39230.76923076923
2023,North,Rajajinagar,Robbery,10,12.993078435566678,77.55588919763073,Bengaluru,Karnataka,7692.307692307692
2023,North,Rajajinagar,Assault,38,12.987173795325996,77.5645104010453,Bengaluru,Karnataka,29230.769230769234
2023,North,Rajajinagar,Cheating,10,12.991580879205129,77.55303974760079,Bengaluru,Karnataka,7692.307692307692
2023,North,Rajajinagar,Cyber Crime,11,12.99709928967063,77.55938075622414,Bengaluru,Karnataka,8461.538461538463
2023,North,Rajajinagar,Others,25,12.987311537553964,77.56362957819084,Bengaluru,Karnataka,19230.76923076923
2023,North,Sadashivanagar,Theft,57,12.999414568354611,77.56178104078353,Bengaluru,Karnataka,43846.153846153844
2023,North,Sadashivanagar,House Breaking,41,13.005602223854849,77.5620558148221,Bengaluru,Karnataka,31538.46153846154
2023,North,Sadashivanagar,Motor Vehicle Theft,30,13.01005679580978,77.57449080973639,Bengaluru,Karnataka,23076.923076923078
2023,North,Sadashivanagar,Robbery,15,13.014526633647078,77.57732724101507,Bengaluru,Karnataka,11538.461538461539
2023,North,Sadashivanagar,Assault,50,13.009454000451282,77.5761739276769,Bengaluru,Karnataka,38461.53846153846
2023,North,Sadashivanagar,Cheating,10,13.016402650934603,77.57614131347222,Bengaluru,Karnataka,7692.307692307692
2023,North,Sadashivanagar,Cyber Crime,19,12.997225680536166,77.5713804287452,Bengaluru,Karnataka,14615.384615384617
2023,North,Sadashivanagar,Others,23,12.999295424594276,77.5779849289367,Bengaluru,Karnataka,17692.307692307695
2023,South,Jayanagar,Theft,31,12.934991900878689,77.59807739319781,Bengaluru,Karnataka,23846.153846153848
2023,South,Jayanagar,House Breaking,60,12.923188670549296,77.59519801016953,Bengaluru,Karnataka,46153.846153846156
2023,South,Jayanagar,Motor Vehicle Theft,11,12.927846771787728,77.59269948991326,Bengaluru,Karnataka,8461.538461538463
2023,South,Jayanagar,Robbery,22,12.917566692214901,77.6002810745627,Bengaluru,Karnataka,16923.076923076926
2023,South,Jayanagar,Assault,38,12.918639262731043,77.60302529227869,Bengaluru,Karnataka,29230.769230769234
2023,South,Jayanagar,Cheating,10,12.931627816129351,77.59406204265848,Bengaluru,Karnataka,7692.307692307692
2023,South,Jayanagar,Cyber Crime,10,12.921453215023092,77.59788664265058,Bengaluru,Karnataka,7692.307692307692
2023,South,Jayanagar,Others,20,12.932898518336422,77.60061867412311,Bengaluru,Karnataka,15384.615384615385
2023,South,BTM Layout,Theft,65,12.925627032540863,77.60558902066427,Bengaluru,Karnataka,50000.0
2023,South,BTM Layout,House Breaking,54,12.917169560595367,77.61015146289483,Bengaluru,Karnataka,41538.46153846154
2023,South,BTM Layout,Motor Vehicle Theft,29,12.909583885337591,77.61327465746768,Bengaluru,Karnataka,22307.69230769231
2023,South,BTM Layout,Robbery,39,12.913252391732115,77.61857859450633,Bengaluru,Karnataka,30000.0
2023,South,BTM Layout,Assault,10,12.908124457097866,77.61907093707941,Bengaluru,Karnataka,7692.307692307692
2023,South,BTM Layout,Cheating,18,12.919522599549712,77.61543918001833,Bengaluru,Karnataka,13846.153846153848
2023,South,BTM Layout,Cyber Crime,32,12.907105717971628,77.61787993762898,Bengaluru,Karnataka,24615.384615384617
2023,South,BTM Layout,Others,31,12.925633003399087,77.60975889636352,Bengaluru,Karnataka,23846.153846153848
2023,South,JP Nagar,Theft,124,12.906221850534891,77.5845708826591,Bengaluru,Karnataka,95384.61538461539
2023,South,JP Nagar,House Breaking,28,12.906892109998408,77.58518502260215,Bengaluru,Karnataka,21538.46153846154
2023,South,JP Nagar,Motor Vehicle Theft,32,12.900973373823252,77.59272970153664,Bengaluru,Karnataka,24615.384615384617
2023,South,JP Nagar,Robbery,14,12.917607482558298,77.57811532303104,Bengaluru,Karnataka,10769.23076923077
2023,South,JP Nagar,Assault,31,12.900223678672182,77.58033475721872,Bengaluru,Karnataka,23846.153846153848
2023,South,JP Nagar,Cheating,15,12.90305837765051,77.5774362330512,Bengaluru,Karnataka,11538.461538461539
2023,South,JP Nagar,Cyber Crime,13,12.915383277007248,77.5838626948667,Bengaluru,Karnataka,10000.0
2023,South,JP Nagar,Others,10,12.914369556928788,77.59417503070499,Bengaluru,Karnataka,7692.307692307692
2023,South,Banashankari,Theft,85,12.930262427502774,77.5479653108412,Bengaluru,Karnataka,65384.61538461538
2023,South,Banashankari,House Breaking,42,12.932581513272009,77.54794740546095,Bengaluru,Karnataka,32307.69230769231
2023,South,Banashankari,Motor Vehicle Theft,15,12.925108889260477,77.55733373261106,Bengaluru,Karnataka,11538.461538461539
2023,South,Banashankari,Robbery,11,12.915973162658593,77.54362712676748,Bengaluru,Karnataka,8461.538461538463
2023,South,Banashankari,Assault,44,12.92845041207531,77.54371496762882,Bengaluru,Karnataka,33846.15384615385
2023,South,Banashankari,Cheating,10,12.923618555386952,77.55564911461838,Bengaluru,Karnataka,7692.307692307692
2023,South,Banashankari,Cyber Crime,46,12.923065081442289,77.53890484789022,Bengaluru,Karnataka,35384.61538461539
2023,South,Banashankari,Others,18,12.918893106037755,77.54906445853243,Bengaluru,Karnataka,13846.153846153848
2023,East,Whitefield,Theft,39,12.968807087612808,77.75089714179035,Bengaluru,Karnataka,30000.0
2023,East,Whitefield,House Breaking,63,12.973407972802377,77.74227622039447,Bengaluru,Karnataka,48461.53846153846
2023,East,Whitefield,Motor Vehicle Theft,45,12.967263966726495,77.75963575328872,Bengaluru,Karnataka,34615.38461538462
2023,East,Whitefield,Robbery,20,12.974899303445856,77.74388115763105,Bengaluru,Karnataka,15384.615384615385
2023,East,Whitefield,Assault,32,12.960605098123148,77.74067827932492,Bengaluru,Karnataka,24615.384615384617
2023,East,Whitefield,Cheating,31,12.97018665420666,77.74287881329153,Bengaluru,Karnataka,23846.153846153848
2023,East,Whitefield,Cyber Crime,10,12.96635931695273,77.75216136242129,Bengaluru,Karnataka,7692.307692307692
2023,East,Whitefield,Others,24,12.974586387211472,77.74588468685056,Bengaluru,Karnataka,18461.53846153846
2023,East,Marathahalli,Theft,66,12.959746796597518,77.70157479612871,Bengaluru,Karnataka,50769.230769230766
2023,East,Marathahalli,House Breaking,10,12.956467156197315,77.70087612784947,Bengaluru,Karnataka,7692.307692307692
2023,East,Marathahalli,Motor Vehicle Theft,58,12.955253556674235,77.70537534208377,Bengaluru,Karnataka,44615.38461538462
2023,East,Marathahalli,Robbery,44,12.949632943099276,77.6968918042817,Bengaluru,Karnataka,33846.15384615385
2023,East,Marathahalli,Assault,63,12.968541137280488,77.69896948664451,Bengaluru,Karnataka,48461.53846153846
2023,East,Marathahalli,Cheating,10,12.960770465540952,77.69081024123493,Bengaluru,Karnataka,7692.307692307692
2023,East,Marathahalli,Cyber Crime,35,12.964592122596676,77.6950038067263,Bengaluru,Karnataka,26923.076923076922
2023,East,Marathahalli,Others,10,12.94973141026684,77.7063641034157,Bengaluru,Karnataka,7692.307692307692
2023,East,Indiranagar,Theft,12,12.970420771323695,77.63957560596339,Bengaluru,Karnataka,9230.76923076923
2023,East,Indiranagar,House Breaking,19,12.969807548186454,77.64669944603614,Bengaluru,Karnataka,14615.384615384617
2023,East,Indiranagar,Motor Vehicle Theft,65,12.976148041978819,77.64531550464304,Bengaluru,Karnataka,50000.0
2023,East,Indiranagar,Robbery,31,12.968100990688521,77.64444453599428,Bengaluru,Karnataka,23846.153846153848
2023,East,Indiranagar,Assault,21,12.980733709843932,77.64039327064039,Bengaluru,Karnataka,16153.846153846154
2023,East,Indiranagar,Cheating,31,12.968685739772896,77.64663979568297,Bengaluru,Karnataka,23846.153846153848
2023,East,Indiranagar,Cyber Crime,39,12.977673050602274,77.63648724366577,Bengaluru,Karnataka,30000.0
2023,East,Indiranagar,Others,10,12.967180127918436,77.6371699832238,Bengaluru,Karnataka,7692.307692307692
2023,East,Koramangala,Theft,114,12.940623485381753,77.62859801873672,Bengaluru,Karnataka,87692.30769230769
2023,East,Koramangala,House Breaking,49,12.93154081490037,77.62147606348402,Bengaluru,Karnataka,37692.307692307695
2023,East,Koramangala,Motor Vehicle Theft,69,12.939633287571885,77.62025578750996,Bengaluru,Karnataka,53076.92307692308
2023,East,Koramangala,Robbery,31,12.932793883707488,77.63410321074643,Bengaluru,Karnataka,23846.153846153848
2023,East,Koramangala,Assault,58,12.941292316679132,77.62030905303986,Bengaluru,Karnataka,44615.38461538462
2023,East,Koramangala,Cheating,36,12.926780588720197,77.63298019263779,Bengaluru,Karnataka,27692.307692307695
2023,East,Koramangala,Cyber Crime,44,12.93478158526033,77.61854136014401,Bengaluru,Karnataka,33846.15384615385
2023,East,Koramangala,Others,25,12.939123426012937,77.61724545909601,Bengaluru,Karnataka,19230.76923076923
2023,West,Vijayanagar,Theft,99,12.966385641318926,77.52311530859915,Bengaluru,Karnataka,76153.84615384616
2023,West,Vijayanagar,House Breaking,42,12.974358891468173,77.52314982213679,Bengaluru,Karnataka,32307.69230769231
2023,West,Vijayanagar,Motor Vehicle Theft,46,12.971048078140699,77.53572383973163,Bengaluru,Karnataka,35384.61538461539
2023,West,Vijayanagar,Robbery,22,12.981158214236663,77.52525882152422,Bengaluru,Karnataka,16923.076923076926
2023,West,Vijayanagar,Assault,34,12.971148970408818,77.52608911949335,Bengaluru,Karnataka,26153.846153846156
2023,West,Vijayanagar,Cheating,27,12.967308306826041,77.52328325172483,Bengaluru,Karnataka,20769.23076923077
2023,West,Vijayanagar,Cyber Crime,40,12.973082667063508,77.53280304553788,Bengaluru,Karnataka,30769.23076923077
2023,West,Vijayanagar,Others,10,12.979864594513398,77.52560129550962,Bengaluru,Karnataka,7692.307692307692
2023,West,Rajajinagar,Theft,100,13.000278452211564,77.54602679698425,Bengaluru,Karnataka,76923.07692307692
2023,West,Rajajinagar,House Breaking,75,12.991507677946435,77.56403217489556,Bengaluru,Karnataka,57692.30769230769
2023,West,Rajajinagar,Motor Vehicle Theft,38,12.999134863358359,77.5454853433696,Bengaluru,Karnataka,29230.769230769234
2023,West,Rajajinagar,Robbery,10,13.00016909692034,77.55200084227391,Bengaluru,Karnataka,7692.307692307692
2023,West,Rajajinagar,Assault,39,12.992466009671139,77.55517824840683,Bengaluru,Karnataka,30000.0
2023,West,Rajajinagar,Cheating,38,12.990960415380126,77.54915622796548,Bengaluru,Karnataka,29230.769230769234
2023,West,Rajajinagar,Cyber Crime,10,12.996222384676175,77.5582657067742,Bengaluru,Karnataka,7692.307692307692
2023,West,Rajajinagar,Others,10,12.996332357909845,77.56111535328851,Bengaluru,Karnataka,7692.307692307692
2023,West,Basaveshwaranagar,Theft,105,12.978863225754424,77.54221908999327,Bengaluru,Karnataka,80769.23076923077
2023,West,Basaveshwaranagar,House Breaking,41,12.991539796505526,77.5403056131792,Bengaluru,Karnataka,31538.46153846154
2023,West,Basaveshwaranagar,Motor Vehicle Theft,31,12.97690770211589,77.54963370384881,Bengaluru,Karnataka,23846.153846153848
2023,West,Basaveshwaranagar,Robbery,10,12.97513660241079,77.53767148781353,Bengaluru,Karnataka,7692.307692307692
2023,West,Basaveshwaranagar,Assault,15,12.994080696453098,77.53603891679384,Bengaluru,Karnataka,11538.461538461539
2023,West,Basaveshwaranagar,Cheating,10,12.980231063016307,77.53719104181123,Bengaluru,Karnataka,7692.307692307692
2023,West,Basaveshwaranagar,Cyber Crime,30,12.97736449695608,77.53613612684008,Bengaluru,Karnataka,23076.923076923078
2023,West,Basaveshwaranagar,Others,20,12.993462120278942,77.5477560282802,Bengaluru,Karnataka,15384.615384615385
2023,Central,Commercial Street,Theft,122,12.975648314916896,77.61722260771703,Bengaluru,Karnataka,93846.15384615384
2023,Central,Commercial Street,House Breaking,40,12.977716984799374,77.6180472107371,Bengaluru,Karnataka,30769.23076923077
2023,Central,Commercial Street,Motor Vehicle Theft,32,12.988254696743017,77.61101477896179,Bengaluru,Karnataka,24615.384615384617
2023,Central,Commercial Street,Robbery,29,12.991555937765662,77.6140470104661,Bengaluru,Karnataka,22307.69230769231
2023,Central,Commercial Street,Assault,22,12.988537192399422,77.61250683839839,Bengaluru,Karnataka,16923.076923076926
2023,Central,Commercial Street,Cheating,48,12.974937406129465,77.60783495954993,Bengaluru,Karnataka,36923.07692307692
2023,Central,Commercial Street,Cyber Crime,10,12.99164489413562,77.60114417583075,Bengaluru,Karnataka,7692.307692307692
2023,Central,Commercial Street,Others,26,12.977343135579332,77.60963320316522,Bengaluru,Karnataka,20000.0
2023,Central,Cubbon Park,Theft,50,12.975036811053194,77.59650590475879,Bengaluru,Karnataka,38461.53846153846
2023,Central,Cubbon Park,House Breaking,50,12.968018832889035,77.59310750708066,Bengaluru,Karnataka,38461.53846153846
2023,Central,Cubbon Park,Motor Vehicle Theft,44,12.968838886796423,77.59120849147689,Bengaluru,Karnataka,33846.15384615385
2023,Central,Cubbon Park,Robbery,32,12.975447566114779,77.59903830705109,Bengaluru,Karnataka,24615.384615384617
2023,Central,Cubbon Park,Assault,31,12.971289144381352,77.58296030943183,Bengaluru,Karnataka,23846.153846153848
2023,Central,Cubbon Park,Cheating,10,12.967105796054557,77.58979057733124,Bengaluru,Karnataka,7692.307692307692
2023,Central,Cubbon Park,Cyber Crime,10,12.9848916559777,77.58428038292321,Bengaluru,Karnataka,7692.307692307692
2023,Central,Cubbon Park,Others,10,12.971941814137827,77.58649962653651,Bengaluru,Karnataka,7692.307692307692
2023,Central,Shivajinagar,Theft,55,12.992866665698482,77.61181761636195,Bengaluru,Karnataka,42307.692307692305
2023,Central,Shivajinagar,House Breaking,30,12.982270742653254,77.61724230153364,Bengaluru,Karnataka,23076.923076923078
2023,Central,Shivajinagar,Motor Vehicle Theft,10,12.98695460708203,77.61213585076251,Bengaluru,Karnataka,7692.307692307692
2023,Central,Shivajinagar,Robbery,38,12.990505731622543,77.60127266334571,Bengaluru,Karnataka,29230.769230769234
2023,Central,Shivajinagar,Assault,39,12.98387685079088,77.61345716281812,Bengaluru,Karnataka,30000.0
2023,Central,Shivajinagar,Cheating,10,12.988423588297179,77.61846981365359,Bengaluru,Karnataka,7692.307692307692
2023,Central,Shivajinagar,Cyber Crime,39,12.984188906780501,77.60953867216995,Bengaluru,Karnataka,30000.0
2023,Central,Shivajinagar,Others,10,12.982512505570972,77.60200242746409,Bengaluru,Karnataka,7692.307692307692
2023,Central,MG Road,Theft,65,12.981509798585302,77.5939443462982,Bengaluru,Karnataka,50000.0
2023,Central,MG Road,House Breaking,56,12.98152106935028,77.6109751324369,Bengaluru,Karnataka,43076.92307692308
2023,Central,MG Road,Motor Vehicle Theft,10,12.96754581805779,77.60517888294959,Bengaluru,Karnataka,7692.307692307692
2023,Central,MG Road,Robbery,37,12.980265725337299,77.59427352642489,Bengaluru,Karnataka,28461.53846153846
2023,Central,MG Road,Assault,32,12.97497925622975,77.60409519617815,Bengaluru,Karnataka,24615.384615384617
2023,Central,MG Road,Cheating,51,12.96732888070049,77.60337791697883,Bengaluru,Karnataka,39230.76923076923
2023,Central,MG Road,Cyber Crime,35,12.977722206711606,77.60484949629276,Bengaluru,Karnataka,26923.076923076922
2023,Central,MG Road,Others,14,12.970938080695534,77.61082516644348,Bengaluru,Karnataka,10769.23076923077
2023,NE,Yelahanka,Theft,133,13.09512085480892,77.59231001907514,Bengaluru,Karnataka,102307.6923076923
2023,NE,Yelahanka,House Breaking,28,13.108294277819278,77.60453155331241,Bengaluru,Karnataka,21538.46153846154
2023,NE,Yelahanka,Motor Vehicle Theft,35,13.101817013319675,77.58723768193904,Bengaluru,Karnataka,26923.076923076922
2023,NE,Yelahanka,Robbery,33,13.104126850494914,77.60201609191961,Bengaluru,Karnataka,25384.615384615383
2023,NE,Yelahanka,Assault,21,13.098865183536592,77.5922977698887,Bengaluru,Karnataka,16153.846153846154
2023,NE,Yelahanka,Cheating,22,13.100170376408244,77.6032868186452,Bengaluru,Karnataka,16923.076923076926
2023,NE,Yelahanka,Cyber Crime,35,13.093587034983303,77.59556050318997,Bengaluru,Karnataka,26923.076923076922
2023,NE,Yelahanka,Others,10,13.110055723770932,77.59744573516399,Bengaluru,Karnataka,7692.307692307692
2023,NE,Hebbal,Theft,28,13.030899912912151,77.59360525987248,Bengaluru,Karnataka,21538.46153846154
2023,NE,Hebbal,House Breaking,20,13.042742667718393,77.58884927993053,Bengaluru,Karnataka,15384.615384615385
2023,NE,Hebbal,Motor Vehicle Theft,24,13.02683073258228,77.59454335949923,Bengaluru,Karnataka,18461.53846153846
2023,NE,Hebbal,Robbery,10,13.043272409169791,77.59076326587865,Bengaluru,Karnataka,7692.307692307692
2023,NE,Hebbal,Assault,53,13.039229010444709,77.59134033043375,Bengaluru,Karnataka,40769.230769230766
2023,NE,Hebbal,Cheating,10,13.031863760512623,77.60517988321413,Bengaluru,Karnataka,7692.307692307692
2023,NE,Hebbal,Cyber Crime,10,13.045041551122289,77.58934632398886,Bengaluru,Karnataka,7692.307692307692
2023,NE,Hebbal,Others,27,13.044088825935512,77.6009125257141,Bengaluru,Karnataka,20769.23076923077
2023,SE,Electronic City,Theft,96,12.85390252919187,77.66134158585096,Bengaluru,Karnataka,73846.15384615384
2023,SE,Electronic City,House Breaking,46,12.844925009216912,77.66327442679992,Bengaluru,Karnataka,35384.61538461539
2023,SE,Electronic City,Motor Vehicle Theft,20,12.845856330800475,77.66024554586203,Bengaluru,Karnataka,15384.615384615385
2023,SE,Electronic City,Robbery,32,12.84498980844045,77.66709462363129,Bengaluru,Karnataka,24615.384615384617
2023,SE,Electronic City,Assault,35,12.841858440377402,77.65121430895962,Bengaluru,Karnataka,26923.076923076922
2023,SE,Electronic City,Cheating,51,12.83851845426205,77.6555154821982,Bengaluru,Karnataka,39230.76923076923
2023,SE,Electronic City,Cyber Crime,40,12.850000238754983,77.65620384575016,Bengaluru,Karnataka,30769.23076923077
2023,SE,Electronic City,Others,10,12.843196795494823,77.66696725430575,Bengaluru,Karnataka,7692.307692307692
2023,SE,HSR Layout,Theft,91,12.920969290900953,77.64135128568073,Bengaluru,Karnataka,70000.0
2023,SE,HSR Layout,House Breaking,52,12.921430165345008,77.64743388908798,Bengaluru,Karnataka,40000.0
2023,SE,HSR Layout,Motor Vehicle Theft,14,12.9167554447405,77.64164352336664,Bengaluru,Karnataka,10769.23076923077
2023,SE,HSR Layout,Robbery,21,12.911866326425082,77.65293798779389,Bengaluru,Karnataka,16153.846153846154
2023,SE,HSR Layout,Assault,42,12.921244737878254,77.64507888830808,Bengaluru,Karnataka,32307.69230769231
2023,SE,HSR Layout,Cheating,10,12.921003762224018,77.64796431086786,Bengaluru,Karnataka,7692.307692307692
2023,SE,HSR Layout,Cyber Crime,25,12.90484983060994,77.64721403295866,Bengaluru,Karnataka,19230.76923076923
2023,SE,HSR Layout,Others,10,12.902282829233814,77.64471465839385,Bengaluru,Karnataka,7692.307692307692
2023,Traffic,Outer Ring Road,Theft,77,12.974354571835214,77.60327807442197,Bengaluru,Karnataka,59230.769230769234
2023,Traffic,Outer Ring Road,House Breaking,70,12.971357087680062,77.58473224713984,Bengaluru,Karnataka,53846.153846153844
2023,Traffic,Outer Ring Road,Motor Vehicle Theft,10,12.961934522952053,77.59904385443251,Bengaluru,Karnataka,7692.307692307692
2023,Traffic,Outer Ring Road,Robbery,15,12.961942851952049,77.60086314441828,Bengaluru,Karnataka,11538.461538461539
2023,Traffic,Outer Ring Road,Assault,16,12.96374032857389,77.58652627780502,Bengaluru,Karnataka,12307.692307692309
2023,Traffic,Outer Ring Road,Cheating,10,12.973995616848239,77.58964836392629,Bengaluru,Karnataka,7692.307692307692
2023,Traffic,Outer Ring Road,Cyber Crime,41,12.969537928449961,77.59206103166927,Bengaluru,Karnataka,31538.46153846154
2023,Traffic,Outer Ring Road,Others,24,12.966464157883857,77.59854472632198,Bengaluru,Karnataka,18461.53846153846
2023,Traffic,Silk Board,Theft,35,12.920374714391182,77.62976438318043,Bengaluru,Karnataka,26923.076923076922
2023,Traffic,Silk Board,House Breaking,26,12.915405565962084,77.6201433913697,Bengaluru,Karnataka,20000.0
2023,Traffic,Silk Board,Motor Vehicle Theft,43,12.907489003453081,77.61602767150443,Bengaluru,Karnataka,33076.92307692308
2023,Traffic,Silk Board,Robbery,23,12.920198144838865,77.61922541233984,Bengaluru,Karnataka,17692.307692307695
2023,Traffic,Silk Board,Assault,20,12.925195824242854,77.6309830443088,Bengaluru,Karnataka,15384.615384615385
2023,Traffic,Silk Board,Cheating,33,12.925051086140689,77.62211000575292,Bengaluru,Karnataka,25384.615384615383
2023,Traffic,Silk Board,Cyber Crime,10,12.920988574869272,77.6182074602752,Bengaluru,Karnataka,7692.307692307692
2023,Traffic,Silk Board,Others,32,12.907958035603068,77.6311753272251,Bengaluru,Karnataka,24615.384615384617
